#,Tênis Verde,IMDB,Título,1a. Vez,Última Vez,Vezes,Nota
729,contos-da-noite,tt1828229,Contos da Noite,2014-06-22,2014-06-22,1,3
728,enders-game-o-jogo-do-exterminador,tt1731141,Ender's Game O Jogo do Exterminador,2014-06-21,2014-06-21,1,3
727,como-treinar-o-seu-dragao-2,tt1646971,Como Treinar o Seu Dragão 2,2014-06-19,2014-06-19,1,5
726,a-face-do-mal,tt2386278,A Face do Mal,2014-06-15,2014-06-15,1,4
725,a-culpa-e-das-estrelas,tt2582846,A Culpa é das Estrelas,2014-06-14,2014-06-14,1,5
724,american-pie-apresenta-o-livro-do-amor,tt1407050,American Pie Apresenta O Livro do Amor,2014-06-13,2014-06-13,1,3
723,amor-sem-fim,tt2318092,Amor Sem Fim,2014-06-13,2014-06-13,1,4
722,evocando-espiritos,tt0492044,Evocando Espíritos,2014-06-12,2014-06-12,1,3
721,armacoes-do-amor,tt0427229,Armações do Amor,2014-06-12,2014-06-12,1,3
720,malevola,tt1587310,Malévola,2014-06-11,2014-06-11,1,4
719,no-limite-do-amanha,tt1631867,No Limite do Amanhã,2014-06-10,2014-06-10,1,4
718,exit-through-the-gift-shop,tt1587707,Exit Through the Gift Shop,2014-06-07,2014-06-07,1,5
717,computer-chess,tt2007360,Computer Chess,2014-06-06,2014-06-06,1,3
716,metropolis,tt0017136,Metrópolis,2014-06-06,2014-06-06,1,5
715,sherlock-jr,tt0015324,Sherlock Jr.,2014-06-06,2014-06-06,1,5
714,o-cheiro-do-ralo,tt0489458,O Cheiro do Ralo,2014-05-31,2014-05-31,1,5
713,godzilla,tt0831387,Godzilla,2014-05-28,2014-05-28,1,5
712,x-men-dias-de-um-futuro-esquecido,tt1877832,X-Men Dias de um Futuro Esquecido,2014-05-26,2014-05-26,1,4
711,turbo,tt1860353,Turbo,2014-05-23,2014-05-23,1,4
710,trainspotting-sem-limites,tt0117951,Trainspotting Sem Limites,2014-05-21,2014-05-21,1,5
709,manhattan,tt0079522,Manhattan,2014-05-20,2014-05-20,1,4
708,holy-motors,tt2076220,Holy Motors,2014-05-15,2014-05-15,1,5
707,following,tt0154506,Following,2014-05-14,2014-05-14,1,4
706,divergente,tt1840309,Divergente,2014-05-13,2014-05-13,1,3
705,tudo-o-que-voce-sempre-quis-saber-sobre-sexo-e-tinha-medo-de-perguntar,tt0068555,Tudo o Que Você Sempre Quis Saber Sobre Sexo E Tinha Medo de Perguntar,2014-05-10,2014-05-10,1,3
704,monty-python-o-sentido-da-vida,tt0085959,Monty Python O Sentido da Vida,2014-05-10,2014-05-10,1,5
703,scarface,tt0086250,Scarface,2014-05-10,2014-05-10,1,5
702,o-ancora-a-lenda-de-ron-burgundy,tt0357413,O Âncora A Lenda de Ron Burgundy,2014-05-08,2014-05-08,1,3
701,amante-a-domicilio,tt2258345,Amante a Domicílio,2014-05-08,2014-05-08,1,3
700,o-espetacular-homem-aranha-2-a-ameaca-de-electro,tt1872181,O Espetacular Homem-Aranha 2 A Ameaça de Electro,2014-05-06,2014-05-06,1,3
699,presente-de-grego,tt0092605,Presente de Grego,2014-05-02,2014-05-02,1,4
698,o-misterio-das-duas-irmas,tt0815245,O Mistério das Duas Irmãs,2014-05-01,2014-05-01,1,3
697,capital-america-2-o-soldado-invernal,tt1843866,Capitão América 2 O Soldado Invernal,2014-04-27,2014-04-27,1,3
696,no-impact-man,tt1280011,No Impact Man,2014-04-27,2014-04-27,1,3
695,abel,tt1479668,Abel,2014-04-26,2014-04-26,1,3
694,hoje-eu-quero-voltar-sozinho,tt1702014,Hoje Eu Quero Voltar Sozinho,2014-04-23,2014-04-23,1,4
693,actores-sa,tt3336632,Actores S.A.,2014-04-20,2014-04-20,1,2
692,uma-manha-gloriosa,tt1126618,Uma Manhã Gloriosa,2014-04-19,2014-04-19,1,4
691,woman-in-love,tt1802810,Woman in Love,2014-04-18,2014-04-18,1,3
690,as-cronicas-de-spiderwick,tt0416236,As Crônicas de Spiderwick,2014-04-17,2014-04-17,1,3
689,gigantes-de-aco,tt0433035,Gigantes de Aço,2014-04-16,2014-04-16,1,4
688,noe,tt1959490,Noé,2014-04-09,2014-04-09,1,4
687,oblivion,tt1483013,Oblivion,2014-04-06,2014-04-06,1,3
686,tipo-ruim,tt0307213,Tipo Ruim,2014-04-05,2014-04-05,1,4
685,um-monstro-em-paris,tt0961097,Um Monstro em Paris,2014-04-05,2014-04-05,1,3
684,penelope,tt0472160,Penelope,2014-04-05,2014-04-05,1,3
683,curtindo-a-vida-adoidado,tt0091042,Curtindo a Vida Adoidado,2014-04-02,2014-04-02,1,5
682,os-irmaos-cara-de-pau,tt0080455,Os Irmãos Cara de Pau,2014-03-30,2014-03-30,1,5
681,300-a-ascencao-do-imperio,tt1253863,300 A Ascensão do Império,2014-03-25,2014-03-25,1,2
680,inside-llewyn-davis-balada-de-um-homem-comum,tt2042568,Inside Llewyn Davis Balada de Um Homem Comum,2014-03-24,2014-03-24,1,5
679,a-princesinha,tt0113670,A Princesinha,2014-03-23,2014-03-23,1,5
678,o-mundo-imaginario-do-doutor-parnassus,tt1054606,O Mundo Imaginário do Doutor Parnassus,2014-03-22,2014-03-22,1,2
677,team-america-detonando-o-mundo,tt0372588,Team America Detonando o Mundo,2014-03-19,2014-03-19,1,4
676,ninfomaniaca-volume-2,tt2382009,Ninfomaníaca Volume 2,2014-03-18,2014-03-18,1,4
675,diario-de-uma-paixao,tt0332280,Diário de uma Paixão,2014-03-15,2014-03-15,1,4
674,a-mentira,tt1282140,A Mentira,2014-03-14,2014-03-14,1,1
673,nova-york-eu-te-amo,tt0808399,Nova York Eu Te Amo,2014-03-13,2014-03-13,1,5
672,o-exorcismo-de-emily-rose,tt0404032,O Exorcismo de Emily Rose,2014-03-08,2014-03-08,1,4
671,ela,tt1798709,Ela,2014-03-07,2014-03-07,1,5
670,poltergeist-o-fenomeno,tt0084516,Poltergeist O Fenômeno,2014-03-06,2014-03-06,1,4
669,o-homem-do-planeta-x,tt0043778,O Homem do Planeta X,2014-03-04,2014-03-04,1,2
668,onde-os-fracos-nao-tem-vez,tt0477348,Onde os Fracos não Têm Vez,2014-03-04,2014-03-04,1,4
667,abutres,tt1542852,Abutres,2014-03-04,2014-03-04,1,5
666,voltar-a-morrer,tt0101669,Voltar a Morrer,2014-03-04,2014-03-04,1,3
665,a-big-love-story,tt1769383,A Big Love Story,2014-03-03,2014-03-03,1,3
664,o-equilibrista,tt1155592,O Equilibrista,2014-03-02,2014-03-02,1,5
663,o-estranho-mundo-de-jack,tt0107688,O Estranho Mundo de Jack,2014-03-02,2014-03-02,1,4
662,el-santos-vs-la-tetona-nervosa,tt2243275,El Santos VS la Tetona Mendoza,2014-03-02,2014-03-02,1,3
661,a-hora-da-zona-morta,tt0085407,A Hora da Zona Morta,2014-03-01,2014-03-01,1,4
660,sharknado,tt2724064,Sharknado,2014-03-01,2014-03-01,1,1
659,a-outra-historia-americana,tt0120586,A Outra História Americana,2014-02-26,2014-02-26,1,4
658,robocop-2014,tt1234721,RoboCop,2014-02-24,2014-02-24,1,4
657,depois-do-casamento,tt0457655,Depois do Casamento,2014-02-22,2014-02-22,1,5
656,os-homens-que-encaravam-cabras,tt1234548,Os Homens que Encaravam Cabras,2014-02-15,2014-02-15,1,4
655,mama,tt2023587,Mama,2014-02-15,2014-02-15,1,2
654,trapaca,tt1800241,Trapaça,2014-02-13,2014-02-13,1,4
653,chasing-ice,tt1579361,Chasing Ice,2014-02-09,2014-02-09,1,4
652,louca-obsessao,tt0100157,Louca Obsessão,2014-02-09,2014-02-09,1,5
651,um-final-de-semana-em-hyde-park,tt1477855,Um Final de Semana em Hyde Park,2014-02-08,2014-02-08,1,3
650,uma-aventura-lego,tt1490017,Uma Aventura LEGO,2014-02-08,2014-03-03,2,5
649,o-grande-levowski,tt0118715,O Grande Lebowski,2014-02-07,2014-02-07,1,5
648,malena,tt0213847,Malena,2014-02-05,2014-02-05,1,4
647,a-tale-of-two-sisters,tt0365376,Medo,2014-02-02,2014-02-02,1,2
646,together-is-too-much,tt1570577,Together Is Too Much,2014-02-01,2014-02-01,1,3
645,a-menina-que-roubava-livros,tt0816442,A Menina que Roubava Livros,2014-02-01,2014-02-01,1,4
644,os-croods,tt0481499,Os Croods,2014-01-31,2014-01-31,1,3
643,o-lobo-de-wall-street,tt0993846,O Lobo de Wall Street,2014-01-30,2014-01-30,1,5
642,abra-os-olhos,tt0125659,Abra os Olhos,2014-01-29,2014-01-29,1,5
641,ninfomaniaca,tt1937390,Ninfomaníaca,2014-01-27,2014-01-27,1,4
640,ajuste-de-contas,tt1661382,Ajuste de Contas,2014-01-25,2014-01-25,1,4
639,o-cliente,tt0109446,O Cliente,2014-01-24,2014-01-24,1,4
638,boy-meets-girl-1984,tt0086994,Boy Meets Girl,2014-01-23,2014-01-23,1,4
637,sonhando-acordado,tt0484111,Sonhando Acordado,2014-01-19,2014-01-19,1,4
636,natureza-quase-humana,tt0219822,Natureza Quase Humana,2014-01-19,2014-01-19,1,4
635,silk,tt0494834,Silk,2014-01-18,2014-01-18,1,2
634,minha-vida-dava-um-filme,tt1698648,Minha Vida Dava um Filme,2014-01-18,2014-01-18,1,3
633,madrugada-muito-louca,tt0366551,Madrugada Muito Louca,2014-01-17,2014-01-17,1,3
632,a-casa-silenciosa,tt1767382,A Casa Silenciosa,2014-01-13,2014-01-13,1,4
631,separados-pelo-casamento,tt0452594,Separados pelo Casamento,2014-01-13,2014-01-13,1,4
630,atividade-paranormal-marcados-pelo-mal,tt2473682,Atividade Paranormal Marcados pelo Mal,2014-01-12,2014-01-12,1,2
629,invasores,tt0427392,Invasores,2014-01-11,2014-01-11,1,4
628,frozen-uma-aventura-congelante,tt2294629,Frozen Uma Aventura Congelante,2014-01-09,2014-01-09,1,4
627,blue-jasmine,tt2334873,Blue Jasmine,2014-01-07,2014-01-07,1,3
626,bling-ring-a-gangue-de-hollywood,tt2132285,Bling Ring A Gangue de Hollywood,2014-01-02,2014-01-02,1,4
625,a-vida-e-morte-de-bobby-z,tt0473188,A Vida e a Morte De Bobby Z,2014-01-01,2014-01-01,1,1
624,peixe-grande-e-suas-historias-maravilhosas,tt0319061,Peixe Grande e Suas Histórias Maravilhosas,2013-12-30,2013-12-30,1,4
623,frances-ha,tt2347569,Frances Ha,2013-12-29,2013-12-29,1,4
622,contato,tt0118884,Contato,2013-12-29,2013-12-29,1,5
621,a-vida-secreta-de-walter-mitty,tt0359950,A Vida Secreta de Walter Mitty,2013-12-26,2013-12-26,1,4
620,um-lugar-qualquer,tt1421051,Um Lugar Qualquer,2013-12-25,2013-12-25,1,4
619,terapia-de-risco,tt2053463,Terapia de Risco,2013-12-24,2013-12-24,1,4
618,azul-e-a-cor-mais-quente,tt2278871,Azul é a Cor Mais Quente,2013-12-23,2013-12-23,1,3
617,toda-forma-de-amor,tt1532503,Toda Forma de Amor,2013-12-22,2013-12-22,1,3
616,tokyo-godfathers,tt0388473,Tokyo Godfathers,2013-12-22,2013-12-22,1,3
615,a-rosa-purpura-do-cairo,tt0089853,A Rosa Púrpura do Cairo,2013-12-16,2013-12-16,1,4
614,gatinhas-e-gatoes,tt0088128,Gatinhas e Gatões,2013-12-15,2013-12-15,1,4
613,missao-madrinha-de-casamento,tt1478338,Missão Madrinha de Casamento,2013-12-14,2013-12-14,1,5
612,bolt-supercao,tt0397892,Bolt Supercão,2013-12-13,2013-12-13,1,4
611,jogos-vorazes-em-chamas,tt1951264,Jogos Vorazes Em Chamas,2013-07-12,2013-07-12,1,4
610,um-time-show-de-bola,tt1634003,Um Time Show de Bola,2013-04-12,2013-04-12,1,3
609,speed-racer,tt0811080,Speed Racer,2013-11-28,2013-11-28,1,5
608,o-panaca,tt0079367,O Panaca,2013-11-27,2013-11-27,1,4
607,o-lugar-onde-tudo-termina,tt1817273,O Lugar Onde Tudo Termina,2013-11-22,2013-11-22,1,5
606,a-conversacao,tt0071360,A Conversação,2013-11-16,2013-11-16,1,5
605,antes-so-do-que-mal-acompanhado,tt0093748,Antes Só do que Mal Acompanhado,2013-11-16,2013-11-16,1,5
604,fora-de-controle,tt0264472,Fora de Controle,2013-11-15,2013-11-15,1,3
603,reino-dos-gatos,tt0347618,Reino dos Gatos,2013-09-11,2013-09-11,1,3
602,elvira-a-rainha-das-trevas,tt0095088,Elvira A Rainha das Trevas,2013-08-11,2013-08-11,1,3
601,a-morte-lhe-cai-bem,tt0104070,A Morte lhe Cai Bem,2013-11-02,2013-11-02,1,4
600,south-park-maior-melhor-e-sem-cortes,tt0158983,South Park Maior Melhor e Sem Cortes,2013-11-02,2013-11-02,1,4
599,era-uma-vez-em-toquio-1953,tt0046438,Era uma Vez em Tóquio,2013-10-31,2013-10-31,1,5
598,the-wind-rises,tt2013293,O Vento Está Soprando,2013-10-28,2013-10-28,1,4
597,giuseppe-tornatore-todo-filme-e-meu-primeiro-filme,tt3031762,Giuseppe Tornatore Todo Filme é Meu Primeiro Filme,2013-10-26,2013-10-26,1,3
596,los-tentados,tt2805584,Los tentados,2013-10-26,2013-10-26,1,2
595,os-suspeitos-2013,tt1392214,Os Suspeitos,2013-10-25,2013-10-25,1,5
594,o-grande-golpe,tt0049406,O Grande Golpe,2013-10-24,2013-10-24,1,4
593,2001-uma-odisseia-no-espaco,tt0062622,2001 Uma Odisséia no Espaço,2013-10-23,2013-10-23,1,5
592,o-balconista,tt0109445,O Balconista,2013-10-20,2013-10-20,1,3
591,o-show-de-truman,tt0120382,O Show de Truman,2013-10-20,2013-10-20,1,5
590,aqui-e-o-meu-lugar,tt1440345,Aqui é o Meu Lugar,2013-10-20,2013-10-20,1,3
589,wajma,tt2551492,Wajma,2013-10-19,2013-10-19,1,3
588,a-morte-passou-perto,tt0048254,A Morte Passou Perto,2013-10-19,2013-10-19,1,3
587,barry-lyndon,tt0072684,Barry Lyndon,2013-10-18,2013-10-18,1,5
586,gravidade,tt1454468,Gravidade,2013-10-17,2013-10-17,1,5
585,preenchendo-o-vazio,tt2219514,Preenchendo o Vazio,2013-10-16,2013-10-16,1,3
584,kung-fusao,tt0373074,Kung-Fusão,2013-10-06,2013-10-06,1,4
583,a-familia,tt2252680,La gran familia española,2013-10-04,2013-10-04,1,3
582,across-the-universe,tt0445922,Across the Universe,2013-09-28,2013-09-28,1,5
581,robocop-o-policial-do-futuro-1987,tt0093870,RoboCop O Policial do Futuro,2013-09-27,2013-09-27,1,5
580,invocacao-do-mal,tt1457767,Invocação do Mal,2013-09-26,2013-09-26,1,4
579,elysium,tt1535108,Elysium,2013-09-21,2013-09-21,1,3
578,lovelace,tt1426329,Lovelace,2013-09-18,2013-09-18,1,3
577,se-puder-dirija,tt2211808,Se Puder... Dirija!,2013-09-07,2013-09-07,1,2
576,flores-raras,tt2217458,Flores Raras,2013-08-26,2013-08-26,1,4
575,ed-wood,tt0109707,Ed Wood,2013-08-23,2013-08-23,1,5
574,victim,tt0918575,Victim,2013-08-11,2013-08-11,1,5
573,circulo-de-fogo,tt0236133,Círculo de Fogo,2013-08-10,2013-08-10,1,4
572,red-2-aposentados-e-ainda-mais-perigosos,tt1821694,Red 2 Aposentados e Ainda Mais Perigosos,2013-08-05,2013-08-05,1,3
571,o-morto-vivo,tt0742063,O Morto Vivo,2013-08-05,2013-08-05,1,4
570,warriors-os-selvagens-da-noite,tt0080120,Warriors Os Selvagens da Noite,2013-08-02,2013-08-02,1,5
569,amor-pleno,tt1595656,Amor Pleno,2013-08-01,2013-08-01,1,4
568,os-amantes-passageiros,tt2243389,Os Amantes Passageiros,2013-07-28,2013-07-28,1,3
567,as-strippers-zumbi,tt0960890,As Strippers Zumbi,2013-07-28,2013-07-28,1,2
566,a-hora-do-pesadelo,tt1239853,A Hora do Pesadelo,2013-07-28,2013-07-28,1,4
565,retratos-de-uma-obsessao,tt0265459,Retratos de uma Obsessão,2013-07-21,2013-07-21,1,4
564,tinha-que-ser-voce,tt1046947,Tinha Que Ser Você,2013-07-19,2013-07-19,1,4
563,ninguem-e-perfeito,tt0919103,Ninguém é Perfeito,2013-07-14,2013-07-14,1,3
562,o-mesmo-amor-a-mesma-chuva,tt0210843,El Mismo Amor La Misma Lluvia,2013-07-13,2013-07-13,1,3
561,o-homem-de-aco,tt0770828,O Homem de Aço,2013-07-13,2013-07-13,1,3
560,em-algum-lugar-do-passado,tt0081534,Em Algum Lugar do Passado,2013-07-12,2013-07-12,1,5
559,conduzindo-miss-daisy,tt0097239,Conduzindo Miss Daisy,2013-07-11,2013-07-11,1,4
558,dezesseis-luas,tt1559547,Dezesseis Luas,2013-07-10,2013-07-10,1,1
557,meu-malvado-favorito-2,tt1690953,Meu Malvado Favorito 2,2013-07-09,2013-07-09,1,4
556,universidade-monstros,tt1453405,Universidade Monstros,2013-07-01,2013-07-01,1,4
555,o-clube-das-desquitadas,tt0116313,O Clube das Desquitadas,2013-07-01,2013-07-01,1,3
554,harry-e-sally-feitos-um-para-o-outro,tt0098635,Harry e Sally,2013-07-01,2013-07-01,1,5
553,antes-da-meia-noite,tt2209418,Antes da Meia-Noite,2013-06-27,2013-06-27,1,5
552,007-os-diamantes-sao-eternos,tt0066995,007 Os Diamantes São Eternos,2013-06-25,2013-06-25,1,3
551,star-trek,tt0796366,Star Trek,2013-06-17,2013-06-17,1,5
550,indie-game-the-movie,tt1942884,Indie Game The Movie,2013-06-17,2013-06-17,1,3
549,alem-da-escuridao-star-trek,tt1408101,Além da Escuridão Star Trek,2013-06-17,2013-06-17,1,5
548,idiocracia,tt0387808,Idiocracia,2013-06-07,2013-06-07,1,4
547,tempo-de-despertar,tt0099077,Tempo de Despertar,2013-05-27,2013-05-27,1,4
546,alexandra,tt0374490,Alexandra,2013-05-23,2013-05-23,1,3
545,o-que-se-move,tt2925942,O Que Se Move,2013-05-17,2013-05-17,1,4
544,somos-tao-jovens,tt2215537,Somos Tão Jovens,2013-05-14,2013-05-14,1,3
543,a-morte-do-demonio,tt1288558,A Morte do Demônio,2013-05-09,2013-05-09,1,4
542,homem-de-ferro-3,tt1300854,Homem de Ferro 3,2013-05-03,2013-05-03,1,3
541,um-crime-de-mestre,tt0488120,Um Crime de Mestre,2013-04-21,2013-04-21,1,4
540,uma-historia-de-amor-e-furia,tt2231208,Uma História de Amor e Fúria,2013-04-11,2013-04-11,1,4
539,vai-que-da-certo,tt2220408,Vai que dá Certo,2013-04-08,2013-04-08,1,3
538,g-i-joe-retaliacao,tt1583421,G.I. Joe Retaliação,2013-04-04,2013-04-04,1,3
537,up,tt1049413,Up Altas Aventuras,2013-04-01,2013-04-01,1,5
536,a-parte-dos-anjos,tt1924394,A Parte dos Anjos,2013-04-01,2013-04-01,1,3
535,a-fuga,tt1667310,A Fuga,2013-03-22,2013-03-22,1,3
534,pieta,tt2299842,Pieta,2013-03-19,2013-03-19,1,4
533,de-coracao-aberto,tt2088962,De Coração Aberto,2013-03-15,2013-03-15,1,4
532,oz-magico-e-poderoso,tt1623205,Oz Mágico e Poderoso,2013-03-14,2013-03-14,1,3
531,amigos-inseparaveis,tt1389096,Amigos Inseparáveis,2013-03-12,2013-03-12,1,4
530,atras-da-porta,tt1194577,Atrás da Porta,2013-03-11,2013-03-11,1,3
529,lady-snowblood,tt0158714,Lady Snowblood,2013-03-09,2013-03-09,1,4
528,duro-de-matar-um-bom-dia-para-morrer,tt1606378,Duro de Matar Um Bom Dia para Morrer,2013-03-06,2013-03-06,1,2
527,indomavel-sonhadora,tt2125435,Indomável Sonhadora,2013-03-05,2013-03-05,1,4
526,vips,tt1235548,VIPs,2013-03-04,2013-03-04,1,5
525,anjos-da-noite,tt0139857,Anjos da Noite,2013-03-04,2013-03-04,1,1
524,a-hora-mais-escura,tt1790885,A Hora Mais Escura,2013-02-21,2013-02-21,1,4
523,o-mestre,tt1560747,O Mestre,2013-02-20,2013-02-20,1,4
522,a-viagem,tt1371111,A Viagem,2013-02-18,2013-02-18,1,5
521,meu-namorado-e-um-zumbi,tt1588173,Meu Namorado é um Zumbi,2013-02-14,2013-02-14,1,4
520,amor,tt1602620,Amor,2013-02-13,2013-02-13,1,3
519,o-voo,tt1907668,O Voo,2013-02-10,2013-02-10,1,5
518,os-miseraveis-2013,tt1707386,Os Miseráveis,2013-02-07,2013-02-07,1,3
517,o-lado-bom-da-vida,tt1045658,O Lado Bom da Vida,2013-02-07,2013-02-07,1,5
516,elefante-branco,tt2132324,Elefante Branco,2013-02-06,2013-02-06,1,4
515,django-livre,tt1853728,Django Livre,2013-02-05,2013-02-05,1,4
514,pais-do-desejo,tt2156927,País do Desejo,2013-02-04,2013-02-04,1,2
513,007-a-servico-secreto-de-sua-majestade,tt0064757,007 A Serviço Secreto de Sua Majestade,2013-02-01,2013-02-01,1,5
512,lincoln,tt0443272,Lincoln,2013-01-31,2013-01-31,1,4
511,joao-e-maria-cacadores-de-bruxas,tt1428538,João e Maria Caçadores de Bruxas,2013-01-28,2013-01-28,1,3
510,os-caca-fantasmas,tt0087332,Os Caça-Fantasmas,2013-01-24,2013-01-24,1,5
509,celebridades,tt0120533,Celebridades,2013-01-24,2013-01-24,1,4
508,s-o-o-tem-um-louco-solto-no-espaco,tt0094012,SOS Tem um Louco Solto no Espaço,2013-01-23,2013-01-23,1,4
507,amor-a-primeira-vista,tt0951538,Amor à Primeira Vista,2013-01-23,2013-01-23,1,4
506,o-filho-da-noiva,tt0592309,O Filho da Noiva,2013-01-21,2013-01-21,1,3
505,paranorman,tt1623288,ParaNorman,2013-01-20,2013-01-20,1,3
504,heleno,tt1720114,Heleno,2013-01-20,2013-01-20,1,4
503,a-entidade,tt1922777,A Entidade,2013-01-20,2013-01-20,1,3
502,janela-indiscreta,tt1612376,Janela Indiscreta,2013-01-15,2013-01-15,1,4
501,viuvas,tt1785670,Viúvas,2013-01-14,2013-01-14,1,3
500,o-som-ao-redor,tt2190367,O Som ao Redor,2013-01-14,2013-01-14,1,4
499,a-casa-da-russia,tt0100530,A Casa da Rússia,2013-01-14,2013-01-14,1,3
498,era-uma-vez-eu-veronica,tt1663661,Era Uma Vez Eu Verônica,2013-01-10,2013-01-10,1,3
497,o-impossivel,tt0186486,O Impossível Acontece,2013-01-07,2013-01-07,1,4
496,o-presente,tt0482629,O Presente,2013-01-06,2013-01-06,1,2
495,as-aventuras-de-pi,tt0454876,As Aventuras de Pi,2013-01-03,2013-01-03,1,3
494,no,tt2059255,No,2013-01-02,2013-01-02,1,4
493,os-bons-companheiros,tt0099685,Os Bons Companheiros,2013-01-01,2013-01-01,1,5
492,memorias-de-um-assassino,tt0353969,Memórias de um Assassino,2013-01-01,2013-01-01,1,4
491,a-estrada,tt0898367,A Estrada,2012-12-31,2012-12-31,1,4
490,precisamos-falar-sobre-o-kevin,tt1242460,Precisamos Falar Sobre o Kevin,2012-12-30,2012-12-30,1,5
489,detona-ralph,tt1772341,Detona Ralph,2012-12-30,2012-12-30,1,4
488,a-pele,tt0422295,A Pele,2012-12-30,2012-12-30,1,3
487,abraham-lincoln-cacador-de-vampiros,tt1611224,Abraham Lincoln Caçador de Vampiros,2012-12-24,2012-12-24,1,2
486,pulp-fiction-tempo-de-violencia,tt0110912,Pulp Fiction Tempo de Violência,2012-12-23,2012-12-23,1,5
485,a-sombra-do-inimigo,tt1712170,A Sombra do Inimigo,2012-12-22,2012-12-22,1,1
484,liv-e-ingmar-uma-historia-de-amor,tt2327430,Liv e Igmar Uma História de Amor,2012-12-19,2012-12-19,1,3
483,historias-cruzadas,tt0789148,Histórias Cruzadas,2012-12-18,2012-12-18,1,3
482,quatro-amigas-e-um-casamento,tt1920849,Quatro Amigas e um Casamento,2012-12-17,2012-12-17,1,3
481,o-hobbit-uma-jornada-inesperada,tt0903624,O Hobbit Uma Jornada Inesperada,2012-12-17,2012-12-17,1,3
480,o-homem-da-mafia,tt1764234,O Homem da Máfia,2012-12-12,2012-12-12,1,5
479,a-princesa-e-o-sapo,tt3392294,A princesa e o sapo,2012-12-09,2012-12-09,1,3
478,vida-de-inseto,tt0592350,Vida de Inseto,2012-12-08,2012-12-08,1,3
477,o-mundo-dos-pequeninos,tt1568921,O Mundo dos Pequeninos,2012-12-06,2012-12-06,1,3
476,a-origem-dos-guardioes,tt1446192,A Origem dos Guardiões,2012-12-06,2012-12-06,1,4
475,gonzaga-de-pai-pra-filho,tt2478746,Gonzaga De Pai pra Filho,2012-12-02,2012-12-02,1,3
474,as-vantagens-de-ser-invisivel,tt1659337,As Vantagens de Ser Invisível,2012-11-29,2012-11-29,1,5
473,com-007-so-se-vive-duas-vezes,tt0062512,Com 007 Só Se Vive Duas Vezes,2012-11-28,2012-11-28,1,4
472,o-lobisomem,tt0780653,O Lobisomem,2012-11-25,2012-11-25,1,3
471,a-saga-crepusculo-amanhecer-parte-final,tt1673434,A Saga Crepúsculo Amanhecer Parte 2,2012-11-20,2012-11-20,1,4
470,quarentena,tt1082868,Quarentena,2012-11-18,2012-11-18,1,2
469,nove-rainhas,tt0247586,Nove Rainhas,2012-11-18,2012-11-18,1,5
468,duvida,tt0918927,Dúvida,2012-11-18,2012-11-18,1,5
467,argo,tt1024648,Argo,2012-11-18,2012-11-18,1,5
466,a-saga-crepusculo-amanhecer-parte-1,tt1324999,A Saga Crepúsculo Amanhecer Parte 1,2012-11-17,2012-11-17,1,2
465,frankenweenie,tt1142977,Frankenweenie,2012-11-16,2012-11-16,1,4
464,banquete-do-amor,tt0800027,Banquete do Amor,2012-11-16,2012-11-16,1,3
463,moscou-contra-007,tt0057076,Moscou Contra 007,2012-11-11,2012-11-11,1,4
462,007-contra-goldfinger,tt0058150,007 Contra Goldfinger,2012-11-11,2012-11-11,1,4
461,007-contra-a-chantagem-atomica,tt0059800,007 Contra a Chantagem Atômica,2012-11-11,2012-11-11,1,3
460,007-contra-o-satanico-dr-no,tt0055928,O Satânico Dr. No,2012-11-10,2012-11-10,1,4
459,007-operacao-skyfall,tt1074638,007 Operação Skyfall,2012-11-08,2012-11-08,1,5
458,possessao,tt0431021,Possessão,2012-11-07,2012-11-07,1,3
457,piratas-pirados,tt1430626,Piratas Pirados!,2012-11-04,2012-11-04,1,2
456,o-vingador-do-futuro-1990,tt0100802,O Vingador do Futuro,2012-11-04,2012-11-04,1,4
455,chega-de-saudade,tt0977642,Chega de Saudade,2012-11-04,2012-11-04,1,4
454,nosferatu,tt0013442,Nosferatu,2012-11-02,2012-11-02,1,4
453,hot-hot-hot,tt1665412,Hot Hot Hot,2012-11-02,2012-11-02,1,4
452,os-visitantes,tt2208192,Os Visitantes,2012-11-01,2012-11-01,1,4
451,era-uma-vez-no-oeste,tt3394766,Era Uma Vez no Oeste,2012-10-31,2012-10-31,1,5
450,shun-li-e-o-poeta,tt2036388,Shun Li e o Poeta,2012-10-28,2012-10-28,1,3
449,o-peso-da-culpa,tt2069985,O Peso da Culpa,2012-10-28,2012-10-28,1,3
448,o-frasco,tt1278055,O Frasco,2012-10-28,2012-10-28,1,3
447,de-bico-calado,tt0444653,De Bico Calado,2012-10-28,2012-10-28,1,3
446,carmel,tt1399533,Carmel,2012-10-28,2012-10-28,1,1
445,inferno,tt1643222,Um Inferno,2012-10-25,2012-10-25,1,4
444,felicidade,tt0147612,Felicidade,2012-10-25,2012-10-25,1,4
443,padak,tt2164058,Pa-dak pa-dak,2012-10-23,2012-10-23,1,2
442,noite-n-1,tt2016955,Noite #1,2012-10-23,2012-10-23,1,3
441,solaris-1972,tt0069293,Solaris,2012-10-21,2012-10-21,1,5
440,o-menino-do-pijama-listrado,tt0914798,O Menino do Pijama Listrado,2012-10-21,2012-10-21,1,4
439,lado-a-lado,tt2014338,Lado a Lado,2012-10-21,2012-10-21,1,3
438,eclipse,tt1325004,A Saga Crepúsculo Eclipse,2012-10-21,2012-10-21,1,2
437,e-se-todos-vivessemos-juntos,tt1674057,E se Vivêssemos Todos Juntos?,2012-10-21,2012-10-21,1,3
436,os-infratores,tt1212450,Os Infratores,2012-10-19,2012-10-19,1,4
435,ruby-sparks-a-namorada-perfeita,tt1839492,Ruby Sparks A Namorada Perfeita,2012-10-17,2012-10-17,1,4
434,por-agua-abaixo,tt3152960,Por Água Abaixo,2012-10-12,2012-10-12,1,4
433,cosmopolis,tt1480656,Cosmópolis,2012-10-12,2012-10-12,1,4
432,looper-assassinos-do-futuro,tt1276104,Looper Assassinos do Futuro,2012-10-09,2012-10-09,1,4
431,sobre-meninos-e-lobos,tt0327056,Sobre Meninos e Lobos,2012-10-08,2012-10-08,1,5
430,dredd,tt1343727,Dredd,2012-10-05,2012-10-05,1,4
429,um-corpo-que-cai,tt2979412,Um Corpo Que Cai,2012-10-03,2012-10-03,1,5
428,ted,tt1637725,Ted,2012-10-03,2014-01-14,2,4
427,de-quem-e-a-cinta-liga,tt0797093,De Quem é a Cinta Liga?,2012-09-30,2012-09-30,1,2
426,palhacos-assassinos-do-espaco-sideral,tt0095444,Palhaços Assassinos,2012-09-24,2012-09-24,1,3
425,cabra-marcado-para-morrer,tt0134402,Cabra Marcado Para Morrer,2012-09-20,2012-09-20,1,4
424,um-drink-no-inferno,tt0116367,Um Drink no Inferno,2012-09-19,2012-09-19,1,4
423,a-familia-addams,tt0101272,A Família Addams,2012-09-19,2012-09-19,1,3
422,o-ditador,tt1645170,O Ditador,2012-09-06,2012-09-06,1,4
421,o-vingador-do-futuro-2012,tt1386703,O Vingador do Futuro,2012-09-05,2012-09-05,1,3
420,os-mercenarios-2,tt1764651,Os Mercenários 2,2012-09-03,2012-09-03,1,3
419,nanny-mcphee-e-as-licoes-magicas,tt1415283,Nanny McPhee e as Lições Mágicas,2012-09-03,2012-09-03,1,3
418,intocaveis,tt1675434,Intocáveis,2012-09-03,2012-09-03,1,4
417,agua-para-elefantes,tt1067583,Água para Elefantes,2012-08-27,2012-08-27,1,3
416,heroi,tt0299977,Herói,2012-08-25,2012-08-25,1,5
415,um-diva-para-dois,tt1535438,Um Divã para Dois,2012-08-24,2012-08-24,1,4
414,coracoes-sujos,tt1653653,Corações Sujos,2012-08-19,2012-08-19,1,1
413,tempestade-virtual,tt0311866,Tempestade Virtual,2012-08-18,2012-08-18,1,2
412,batman-o-cavaleiro-das-trevas-ressurge,tt1345836,Batman O Cavaleiro das Trevas Ressurge,2012-08-17,2012-08-17,1,4
411,fargo,tt0116282,Fargo,2012-08-16,2014-02-13,1,5
410,flores-do-oriente,tt1410063,Flores do Oriente,2012-08-06,2012-08-06,1,3
409,dr-fantastico,tt0057012,Dr. Fantástico,2012-08-06,2012-08-06,1,5
408,o-espetacular-homem-aranha,tt0948470,O Espetacular Homem-Aranha,2012-08-04,2012-08-04,1,3
407,a-febre-do-rato,tt2200908,A Febre do Rato,2012-08-03,2012-08-03,1,5
406,bob-esponja-o-filme,tt0345950,Bob Esponja O Filme,2012-08-01,2012-08-01,1,4
405,uma-vida-iluminada,tt0404030,Uma Vida Iluminada,2012-07-31,2012-07-31,1,4
404,na-estrada,tt0337692,Na Estrada,2012-07-31,2012-07-31,1,4
403,duplex,tt0266489,Duplex,2012-07-31,2012-07-31,1,3
402,fausto,tt1437357,Faust,2012-07-27,2012-07-27,1,5
401,old-boy,tt0364569,Old Boy,2012-07-22,2012-07-22,1,5
400,o-passado,tt0765469,O Passado,2012-07-22,2012-07-22,1,4
399,beijos-e-tiros,tt0373469,Beijos e Tiros,2012-07-22,2012-07-22,1,4
398,de-volta-para-o-futuro-parte-iii,tt0099088,De Volta para o Futuro Parte III,2012-07-21,2012-07-21,1,5
397,a-pequena-sereia,tt0097757,A Pequena Sereia,2012-07-21,2012-07-21,1,4
396,a-era-do-gelo-4,tt1667889,A Era do Gelo 4,2012-07-21,2012-07-21,1,2
395,valente,tt1217209,Valente,2012-07-20,2012-07-20,1,3
394,os-muppets-conquistam-nova-york,tt0087755,Os Muppets Conquistam Nova Iorque,2012-07-20,2012-07-20,1,4
393,orgulho-e-preconceito,tt0414387,Orgulho e Preconceito,2012-07-20,2012-07-20,1,5
392,meus-vizinhos-sao-um-terror,tt0096734,Meus Vizinhos São um Terror,2012-07-20,2012-07-20,1,3
391,eu-meu-irmao-e-nossa-namorada,tt0480242,Eu Meu Irmão e Nossa Namorada,2012-07-20,2012-07-20,1,3
390,descontruindo-harry,tt0118954,Desconstruindo Harry,2012-07-20,2012-07-20,1,4
389,de-volta-para-o-futuro,tt0088763,De Volta para o Futuro,2012-07-20,2012-07-20,1,5
388,de-volta-para-o-futuro-parte-ii,tt0096874,De Volta para o Futuro Parte II,2012-07-20,2012-07-20,1,5
387,branca-de-neve-e-os-sete-anoes,tt0288921,Branca de Neve e os Sete Anões,2012-07-20,2012-07-20,1,5
386,branca-de-neve-e-o-cacador,tt1735898,Branca de Neve e o Caçador,2012-07-20,2012-07-20,1,4
385,para-roma-com-amor,tt1859650,Para Roma com Amor,2012-07-03,2012-07-03,1,4
384,amor-impossivel,tt0551315,Amor Impossível,2012-07-02,2012-07-02,1,3
383,sombras-da-noite,tt1077368,Sombras da Noite,2012-06-27,2012-06-27,1,3
382,e-ai-comeu,tt2209400,E Aí... Comeu?,2012-06-25,2012-06-25,1,3
381,prometheus,tt1446714,Prometheus,2012-06-19,2012-06-19,1,3
380,um-ratinho-encrenqueiro,tt0119715,Um Ratinho Encrenqueiro,2012-06-18,2012-06-18,1,4
379,apenas-uma-noite,tt1535610,Por Uma Noite Apenas,2012-06-18,2012-06-18,1,4
378,adaptacao,tt0268126,Adaptação,2012-06-18,2012-06-18,1,5
377,sede-de-paixoes,tt0041998,Sede de Paixões,2012-06-15,2012-06-15,1,3
376,encantada,tt0461770,Encantada,2012-06-14,2012-06-14,1,4
375,valentin,tt0296915,Valentin,2012-06-13,2012-06-13,1,3
374,madagascar-3-os-procurados,tt1277953,Madagascar 3 Os Procurados,2012-06-13,2012-06-13,1,3
373,a-dificil-arte-de-amar,tt0091188,A Difícil Arte de Amar,2012-06-13,2012-06-13,1,3
372,por-uns-dolares-a-mais,tt0059578,Por uns Dólares a Mais,2012-06-10,2012-06-10,1,5
371,por-um-punhado-de-dolares,tt0058461,Por Um Punhado de Dólares,2012-06-10,2012-06-10,1,5
370,lua-nova,tt1259571,Lua Nova,2012-06-10,2012-06-10,1,1
369,crepusculo,tt1099212,Crepúsculo,2012-06-10,2012-06-10,1,2
368,namorados-para-sempre,tt1120985,Namorados Para Sempre,2012-06-09,2012-06-09,1,5
367,viagem-ao-mundo-dos-sonhos,tt0089114,Viagem ao Mundo dos Sonhos,2012-06-04,2012-06-04,1,3
366,mib3-homens-de-preto-3,tt1409024,MIB Homens de Preto 3,2012-06-04,2012-06-04,1,3
365,o-corvo,tt1486192,O Corvo,2012-05-24,2012-05-24,1,3
364,um-misterioro-assassinato-em-manhatan,tt0107507,Um Misterioso Assassinato em Manhattan,2012-05-14,2012-05-14,1,3
363,taxi-driver,tt0075314,Taxi Driver,2012-05-14,2012-06-04,2,5
362,haispray-em-busca-da-fama,tt0427327,Hairspray Em Busca da Fama,2012-05-14,2012-05-14,1,3
361,qualquer-gato-vira-lata,tt1730133,Qualquer Gato Vira-Lata,2012-05-10,2012-05-10,1,2
360,paradise-now,tt0445620,Paradise Now,2012-05-09,2012-05-09,1,3
359,flores-partidas,tt0412019,Flores Partidas,2012-05-07,2012-05-07,1,5
358,a-noite-dos-mortos-vivos-1968,tt0063350,A Noite dos Mortos-Vivos,2012-05-07,2012-05-07,1,4
357,st-nick,tt2479066,The Real St. Nick,2012-05-04,2012-05-04,1,5
356,antes-que-o-diabo-saiba-que-voce-esta-morto,tt0292963,Antes que o Diabo Saiba que Você Está Morto,2012-05-02,2012-05-02,1,5
355,coisas-belas-e-sujas,tt0301199,Coisas Belas E Sujas,2012-04-30,2012-04-30,1,4
354,os-vingadores,tt0848228,The Avengers Os Vingadores,2012-04-28,2012-04-28,1,4
353,conta-comigo,tt0092005,Conta Comigo,2012-04-25,2012-04-25,1,5
352,a-marvada-carne,tt0138596,A Marvada Carne,2012-04-24,2012-04-24,1,3
351,xingu,tt2142055,Xingu,2012-04-20,2012-04-20,1,3
350,moloch,tt0199777,Molokh,2012-04-20,2012-04-20,1,4
349,star-trek-2009,tt0796366,Star Trek,2012-04-16,2012-04-16,1,5
348,o-buraco,tt0156610,O Buraco,2012-04-12,2012-04-12,1,3
347,three-times,tt0459666,Three Times,2012-04-11,2012-04-11,1,4
346,ta-rindo-de-que,tt1201167,Tá Rindo do Que?,2012-04-09,2012-04-09,1,4
345,beleza-adormecida,tt1588398,Beleza Adormecida,2012-04-07,2012-04-07,1,4
344,pina,tt1440266,Pina,2012-04-04,2012-04-04,1,5
343,thor,tt0800369,Thor,2012-04-02,2012-04-02,1,2
342,the-mysteries-of-snafellsjokull,tt1508304,Le mystère du Snæfellsjökull,2012-04-02,2012-04-02,1,3
341,o-lorax-em-busca-da-trufula-perdida,tt1482459,O Lorax Em Busca da Trúfula Perdida,2012-04-02,2012-04-02,1,3
340,insonia,tt0278504,Insônia,2012-04-02,2012-04-02,1,5
339,a-greve,tt0015361,A Greve,2012-04-02,2012-04-02,1,4
338,jogos-vorazes,tt1392170,Jogos Vorazes,2012-04-01,2012-04-01,1,4
337,raul-o-inicio-o-fim-e-o-meio,tt1784599,Raul O Início o Fim e o Meio,2012-03-28,2012-03-28,1,5
336,cliente-morto-nao-paga,tt0083798,Cliente Morto Não Paga,2012-03-27,2012-03-27,1,4
335,paprika,tt0851578,Paprika,2012-03-25,2012-03-25,1,4
334,2-filhos-de-francisco,tt0439547,2 Filhos De Francisco A História De Zezé Di Camargo e Luciano,2012-03-25,2012-03-25,1,5
333,shame,tt1723811,Shame,2012-03-18,2012-03-18,1,4
332,a-troca,tt0824747,A Troca,2012-03-18,2012-03-18,1,4
331,poder-sem-limites,tt1706593,Poder sem Limites,2012-03-14,2012-03-14,1,4
330,drive,tt0780504,Drive,2012-03-13,2012-03-13,1,4
329,filhos-do-paraiso,tt0118849,Filhos do Paraíso,2012-03-11,2012-03-11,1,4
328,o-homem-que-mudou-o-jogo,tt1210166,O Homem Que Mudou o Jogo,2012-03-06,2012-03-06,1,5
327,marty,tt0048356,Marty,2012-03-06,2012-03-06,1,5
326,os-sete-suspeitos,tt0088930,Os 7 Suspeitos,2012-03-04,2012-03-04,1,3
325,leur-morale-et-la-notre,tt1064964,Leur morale... et la nôtre,2012-03-04,2012-03-04,1,2
324,a-mulher-de-preto,tt1596365,A Mulher de Preto,2012-03-04,2012-03-04,1,3
323,a-dama-de-ferro,tt0741853,A Dama de Ferro,2012-03-04,2012-03-04,1,2
322,as-mulheres-do-sexto-andar,tt1805297,As Mulheres do Sexto Andar,2012-03-01,2012-03-01,1,4
321,psicopata-americano,tt0144084,Psicopata Americano,2012-02-26,2012-02-26,1,5
320,el-mariachi,tt0104815,O Mariachi,2012-02-26,2012-02-26,1,4
319,a-invencao-de-hugo-cabret,tt0970179,A Invenção de Hugo Cabret,2012-02-25,2014-06-10,2,3
318,pinoquio-2002,tt0255477,Pinóquio,2012-02-20,2012-02-20,1,2
317,o-corajoso-ratinho-despereaux,tt0420238,O Corajoso Ratinho Despereaux,2012-02-20,2012-02-20,1,3
316,monstros-sa,tt0198781,Monstros S/A,2012-02-20,2012-02-20,1,4
315,millennium-os-homens-que-nao-amavam-as-mulheres,tt1568346,Millennium Os Homens que Não Amavam as Mulheres,2012-02-19,2012-02-19,1,5
314,o-artista,tt1655442,O Artista,2012-02-16,2012-02-16,1,5
313,sherlock-holmes-e-o-jogo-das-sombras,tt1515091,Sherlock Holmes e o Jogo das Sombras,2012-02-15,2012-02-15,1,4
312,selkirk-el-verdadero-robinson-crusoe,tt2231505,Selkirk el verdadero Robinson Crusoe,2012-02-15,2012-02-15,1,3
311,professora-sem-classe,tt1284575,Professora Sem Classe,2012-02-15,2012-02-15,1,2
310,penumbra,tt1725073,Penumbra,2012-02-15,2012-02-15,1,2
309,nanny-mcphee-a-baba-encantada,tt0396752,Nanny McPhee A Babá Encantada,2012-02-15,2012-02-15,1,3
308,muppets-o-filme,tt0079588,Muppets O Filme,2012-02-15,2012-02-15,1,3
307,juan-y-eva,tt1920980,Juan e Evita Uma História de Amor,2012-02-15,2012-02-15,1,2
306,dirty-dancing-ritmo-quente,tt0092890,Dirty Dancing Ritmo Quente,2012-02-15,2012-02-15,1,4
305,alvin-e-os-esquilos-3,tt1615918,Alvin e os Esquilos 3,2012-02-15,2012-02-15,1,3
304,a-primeira-coisa-bela,tt1467273,La prima cosa bella,2012-02-15,2012-02-15,1,5
303,2-coelhos,tt1753722,2 Coelhos,2012-02-15,2012-02-15,1,4
302,a-marca-da-maldade,tt0592253,A Marca da Maldade,2012-01-31,2012-01-31,1,4
301,babe-o-porquinho-atrapalhado,tt0112431,Babe O Porquinho Atrapalhado,2012-01-30,2012-01-30,1,5
300,babe-o-porquinho-atrapalhado-na-cidade,tt0120595,Babe O Porquinho Atrapalhado na Cidade,2012-01-30,2012-01-30,1,4
299,xxy,tt0995829,XXY,2012-01-24,2012-01-24,1,2
298,sangue-negro,tt0469494,Sangue Negro,2012-01-24,2012-01-24,1,5
297,clube-dos-cinco,tt0088847,Clube dos Cinco,2012-01-24,2012-01-24,1,5
296,o-espiao-que-sabia-demais,tt1340800,O Espião Que Sabia Demais,2012-01-17,2012-01-17,1,4
295,tomboy,tt1847731,Tomboy,2012-01-15,2012-01-15,1,4
294,depois-da-vida,tt1636688,Depois da Vida,2012-01-15,2012-01-15,1,3
293,mat-i-syn,tt0119711,Mãe e Filho,2012-01-11,2012-01-11,1,4
292,toy-story,tt0114709,Toy Story,2012-01-09,2012-01-09,1,5
291,o-gato-de-botas,tt0448694,O Gato de Botas,2012-01-09,2012-01-09,1,3
290,missao-impossivel-protocolo-fantasma,tt1229238,Missão Impossível Protocolo Fantasma,2012-01-09,2012-01-09,1,4
289,adeus-primeiro-amor,tt1618447,Adeus Primeiro Amor,2012-01-09,2012-01-09,1,3
288,dumbo,tt0033563,Dumbo,2012-01-08,2013-07-09,2,5
287,romanticos-anonimos,tt1565958,Românticos Anônimos,2012-01-04,2012-01-04,1,4
286,antes-do-por-do-sol,tt0381681,Antes do Pôr-do-Sol,2012-01-03,2012-01-03,1,5
285,quero-ser-john-malkovich,tt0120601,Quero Ser John Malkovich,2012-01-02,2012-01-02,1,5
284,a-liga-extraordinaria,tt0311429,A Liga Extraordinária,2012-01-01,2012-01-01,1,1
283,tudo-sobre-minha-mae,tt0185125,Tudo Sobre Minha Mãe,2011-12-31,2011-12-31,1,5
282,o-retorno-de-jedi,tt0086190,Star Wars Episódio VI O Retorno do Jedi,2011-12-31,2011-12-31,1,4
281,o-imperio-contra-ataca,tt0080684,Star Wars Episódio V O Império Contra-Ataca,2011-12-31,2011-12-31,1,4
280,tudo-pelo-poder,tt1124035,Tudo pelo Poder,2011-12-30,2011-12-30,1,5
279,ta-dando-onda,tt0423294,Tá Dando Onda,2011-12-30,2011-12-30,1,3
278,um-sonho-de-amor,tt1226236,Um Sonho de Amor,2011-12-25,2011-12-25,1,3
277,um-natal-muito-muito-louco,tt0388419,Um Natal Muito Muito Louco,2011-12-25,2011-12-25,1,3
276,o-garoto,tt0012349,O Garoto,2011-12-25,2011-12-25,1,5
275,os-passaros,tt0056869,Os Pássaros,2011-12-20,2011-12-20,1,5
274,munique,tt0408306,Munique,2011-12-20,2011-12-20,1,4
273,matrix,tt0133093,Matrix,2011-12-20,2011-12-20,1,5
272,licoes-da-vida,tt0784645,Lições de Vida,2011-12-20,2011-12-20,1,3
271,julie-e-julia,tt1135503,Julie e Julia,2011-12-20,2011-12-20,1,3
270,feitico-do-tempo,tt0107048,Feitiço do Tempo,2011-12-20,2011-12-20,1,5
269,escravas-do-desejo,tt0067690,Escravas do Desejo,2011-12-20,2011-12-20,1,3
268,cidade-dos-sonhos,tt0166924,Cidade dos Sonhos,2011-12-20,2011-12-20,1,5
267,os-nomes-do-amor,tt1646974,Os Nomes do Amor,2011-12-12,2011-12-12,1,4
266,alien-a-ressureicao,tt0118583,Aliens A Ressueição,2011-12-12,2011-12-12,1,4
265,alien-3,tt0103644,Aliens 3,2011-12-10,2011-12-10,1,3
264,aliens-o-resgate,tt0090605,Aliens O Resgate,2011-12-08,2011-12-08,1,5
263,top-secret,tt0088286,Top Secret! Super Confidencial,2011-12-04,2011-12-04,1,4
262,happy-feet-2-o-pinguim,tt1402488,Happy Feet 2 O Pinguim,2011-12-04,2011-12-04,1,2
261,antes-do-amanhecer,tt0112471,Antes do Amanhecer,2011-12-04,2011-12-04,1,5
260,alien-o-oitavo-passageiro,tt0078748,Alien o Oitavo Passageiro,2011-12-04,2011-12-04,1,5
259,inquietos,tt1498569,Inquietos,2011-11-29,2011-11-29,1,4
258,coraline-e-o-mundo-secreto,tt0327597,Coraline e o Mundo Secreto,2011-11-29,2011-11-29,1,4
257,bonequinha-de-luxo,tt0054698,Bonequinha de Luxo,2011-11-29,2011-11-29,1,3
256,domingos,tt2826068,Domingos,2011-11-28,2011-11-28,1,4
255,assalto-em-dose-dupla,tt1541160,Assalto em Dose Dupla,2011-11-28,2011-11-28,1,3
254,ensina-me-a-viver,tt0067185,Ensina-me a Viver,2011-11-27,2011-11-27,1,4
253,atividade-paranormal-3,tt1778304,Atividade Paranormal 3,2011-11-24,2011-11-24,1,3
252,ratatouille,tt0382932,Ratatouille,2011-11-20,2011-11-20,1,5
251,amores-imaginarios,tt1600524,Amores Imaginários,2011-11-20,2011-11-20,1,4
250,hackers,tt0113243,Hackers,2011-11-19,2011-11-19,1,3
249,a-pele-que-habito,tt1189073,A Pele que Habito,2011-11-18,2011-11-18,1,5
248,se-nao-nos-quem,tt1671496,Se Não Nós Quem?,2011-11-17,2011-11-17,1,3
247,o-preco-do-amanha,tt1637688,O Preço do Amanhã,2011-11-17,2011-11-17,1,3
246,a-casa-dos-sonhos,tt1462041,A Casa dos Sonhos,2011-11-16,2011-11-16,1,3
245,alice-no-pais-das-maravilhas-1951,tt0043274,Alice no País das Maravilhas,2011-11-13,2013-07-10,2,5
244,o-retorno-de-johnny-english,tt1634122,O Retorno de Johnny English,2011-11-13,2011-11-13,1,3
243,planeta-51,tt0762125,Planeta 51,2011-11-06,2011-11-06,1,3
242,o-palhaco,tt1921043,O Palhaço,2011-11-06,2011-11-06,1,5
241,shocking-blue,tt1307010,Shocking Blue,2011-11-03,2011-11-03,1,3
240,pedaco-de-papel,tt1522238,Pedaço de Papel,2011-11-03,2011-11-03,1,3
239,o-ritual,tt1161864,O Ritual,2011-11-02,2011-11-02,1,2
238,o-discurso-do-rei,tt1504320,O Discurso do Rei,2011-11-02,2011-11-02,1,3
237,bravura-indomita,tt1403865,Bravura Indômita,2011-11-02,2011-11-02,1,5
236,maria-my-love,tt1645109,Maria My Love,2011-11-01,2011-11-01,1,3
235,fora-do-figurino,tt0000000,Fora do Figurino,2011-11-01,2011-11-01,1,3
234,demonio,tt1314655,Demônio,2011-10-30,2011-10-30,1,3
233,jovens-modernos,tt1954379,Kids of Töday,2011-10-29,2011-10-29,1,3
232,hanami-cerejeiras-em-flor,tt0910559,Hanami Cerejeiras em Flor,2011-10-29,2014-05-25,2,5
231,lacos-humanos,tt0038190,Laços Humanos,2011-10-27,2011-10-27,1,5
230,la-bas-educacao-criminal,tt2087864,Là-bas A Criminal Education,2011-10-25,2011-10-25,1,3
229,as-flores-de-kirkuk,tt1781820,As Flores de Kirkuk,2011-10-25,2011-10-25,1,3
228,o-desaparecimento-do-gato,tt1841584,El gato desaparece,2011-10-24,2011-10-24,1,4
227,nervos-a-flor-da-pele,tt1634524,Jitters,2011-10-24,2011-10-24,1,3
226,aleksander-sokurov-questao-de-cinema,tt0000000,Aleksander Sokurov Uma Questão de Cinema,2011-10-24,2011-10-24,1,3
225,a-morte-de-pinochet,tt1817190,La muerte de Pinochet,2011-10-24,2011-10-24,1,3
224,roubando-vidas,tt0364045,Roubando Vidas,2011-10-23,2011-10-23,1,2
223,o-manuscrito-perdido,tt2166420,O Manuscrito Perdido,2011-10-23,2011-10-23,1,3
222,despedida-em-las-vegas,tt0113627,Despedida em Las Vegas,2011-10-22,2011-10-22,1,5
221,trabalhar-cansa,tt1686328,Trabalhar Cansa,2011-10-18,2011-10-18,1,5
220,qual-seu-numero,tt0770703,Qual Seu Número?,2011-10-17,2011-10-17,1,3
219,familia-vende-tudo,tt2006109,Família Vende Tudo,2011-10-16,2011-10-16,1,2
218,os-goonies,tt0089218,Os Goonies,2011-10-13,2011-10-13,1,5
217,copacabana,tt1454910,Copacabana,2011-10-11,2011-10-11,1,5
216,cartas-para-julieta,tt0892318,Cartas Para Julieta,2011-10-10,2011-10-10,1,2
215,o-livro-dos-espiritos,tt2210871,O Filme dos Espíritos,2011-10-08,2011-10-08,1,1
214,incendios,tt1255953,Incêndios,2011-09-28,2011-09-28,1,5
213,confiar,tt1529572,Confiar,2011-09-27,2011-09-27,1,3
212,pronta-para-amar,tt1440161,Pronta Para Amar,2011-09-21,2011-09-21,1,3
211,cowboys-e-aliens,tt0409847,Cowboys e Aliens,2011-09-18,2011-09-18,1,3
210,os-smurfs,tt0472181,Os Smurfs,2011-09-11,2011-09-11,1,3
209,o-homem-do-futuro,tt2027178,O Homem do Futuro,2011-09-11,2011-09-11,1,4
208,medianeras-buenos-aires-da-era-do-amor-digital,tt1235841,Medianeras Buenos Aires da Era do Amor Virtual,2011-09-11,2013-12-30,2,3
207,a-viagem-de-lucia,tt1463167,A Viagem de Lucia,2011-09-07,2011-09-07,1,3
206,o-rei-leao,tt0592317,O Rei Leão,2011-09-05,2012-12-25,2,4
205,watchmen,tt0409459,Watchmen O Filme,2011-09-04,2011-09-04,1,5
204,rango,tt1192628,Rango,2011-09-03,2011-09-03,1,4
203,viagem-a-lua,tt1305408,Viagem à Lua,2011-09-01,2011-09-01,1,4
202,planeta-dos-macacos-a-origem,tt1318514,Planeta dos Macacos A Origem,2011-08-31,2011-08-31,1,5
201,lanterna-verde,tt1133985,Lanterna Verde,2011-08-29,2011-08-29,1,3
200,diario-de-uma-busca,tt1827391,Diario de Uma Busca,2011-08-29,2011-08-29,1,3
199,assalto-ao-banco-central,tt1579223,Assalto ao Banco Central,2011-08-23,2011-08-23,1,2
198,como-enlouquecer-seu-chefe,tt0151804,Como Enlouquecer seu Chefe,2011-08-22,2012-09-19,2,3
197,um-parto-de-viagem,tt1231583,Um Parto de Viagem,2011-08-22,2011-08-22,1,3
196,o-solista,tt0821642,O Solista,2011-08-22,2011-08-22,1,3
195,mulher-nota-mil,tt0090305,Mulher Nota Mil,2011-08-22,2011-08-22,1,2
194,quero-matar-meu-chefe,tt1499658,Quero Matar Meu Chefe,2011-08-17,2011-08-17,1,3
193,a-arvore-da-vida,tt0478304,A Árvore da Vida,2011-08-17,2011-08-17,1,5
192,super-8,tt1650062,Super 8,2011-08-15,2011-08-15,1,3
191,g-i-joe-a-origem-de-cobra,tt1046173,G.I. Joe A Origem de Cobra,2011-08-14,2011-08-14,1,1
190,capital-america-o-primeiro-vingador,tt0458339,Capitão América O Primeiro Vingador,2011-08-09,2011-08-09,1,3
189,melancolia,tt1527186,Melancolia,2011-08-07,2011-08-07,1,5
188,meia-noite-em-paris,tt1605783,Meia-Noite em Paris,2011-07-31,2011-07-31,1,4
187,edward-maos-de-tesoura,tt0099487,Edward Mãos de Tesoura,2011-07-31,2011-07-31,1,3
186,apenas-o-fim,tt1424746,Apenas o Fim,2011-07-31,2011-07-31,1,3
185,a-serbian-film,tt1273235,A Serbian Film Terror sem Limites,2011-07-31,2011-07-31,1,4
184,harry-potter-e-as-reliquias-da-morte-parte-2,tt1201607,Harry Potter e as Relíquias da Morte Parte 2,2011-07-22,2011-07-22,1,5
183,carros-2,tt1216475,Carros 2,2011-07-20,2011-07-20,1,2
182,operacao-presente,tt1430607,Operação Presente,2011-07-12,2011-07-12,1,4
181,the-housemaid,tt0479429,The Housemaid,2011-07-08,2011-07-08,1,4
180,transformers-o-lado-oculto-da-lua,tt1399103,Transformers O Lado Oculto da Lua,2011-07-06,2011-07-06,1,1
179,os-pinguins-do-papai,tt1396218,Os Pinguins do Papai,2011-07-04,2011-07-04,1,3
178,entrando-numa-fria-maior-ainda-com-a-familia,tt0970866,Entrando Numa Fria Maior Ainda com a Família,2011-07-01,2011-07-01,1,3
177,alem-da-vida,tt3429482,Amor Além da Vida,2011-07-01,2011-07-01,1,3
176,a-arvore,tt1496005,A Árvore,2011-07-01,2011-07-01,1,3
175,psicose,tt0054215,Psicose,2011-06-30,2011-06-30,1,5
174,o-segredo-dos-seus-olhos,tt1305806,O Segredo dos Seus Olhos,2011-06-26,2011-06-26,1,5
173,quebrando-o-tabu,tt1951090,Quebrando o Tabu,2011-06-23,2011-06-23,1,3
172,guerra-nas-estrelas,tt0076759,Guerra nas Estrelas,2011-06-23,2011-06-23,1,5
171,cirque-du-freak-o-assistente-de-vampiro,tt0450405,Cirque du Freak O Aprendiz de Vampiro,2011-06-20,2011-06-20,1,3
170,o-homem-que-sabia-demais-1934,tt0025452,O Homem que Sabia Demais,2011-06-16,2011-06-16,1,4
169,um-gato-em-paris,tt1673702,Um Gato em Paris,2011-06-12,2011-06-12,1,4
168,star-wars-episodio-iii-a-vinganca-dos-sith,tt0121766,Star Wars Episódio III A Vingança dos Sith,2011-06-12,2011-06-12,1,4
167,o-pai-dos-meus-filhos,tt1356928,O Pai dos Meus Filhos,2011-06-12,2011-06-12,1,3
166,kung-fu-panda-2,tt1302011,Kung Fu Panda 2,2011-06-12,2011-06-12,1,4
165,a-queda-as-ultimas-horas-de-hitler,tt0363163,A Queda! As Últimas Horas de Hitler,2011-06-12,2011-06-12,1,4
164,minhas-maes-e-meu-pai,tt0842926,Minhas Mães e Meu Pai,2011-06-08,2011-06-08,1,3
163,x-men-primeira-classe,tt1270798,X-Men Primeira Classe,2011-06-07,2011-06-07,1,5
162,piratas-do-caribe-4-navegando-em-aguas-misteriosas,tt1298650,Piratas do Caribe Navegando em Águas Misteriosas,2011-06-01,2011-06-01,1,2
161,star-wars-episodio-ii-ataque-dos-clones,tt0121765,Star Wars Episódio II Ataque dos Clones,2011-05-29,2011-05-29,1,5
160,singularidades-de-uma-rapariga-loura,tt1013856,Singularidades de uma Rapariga Loura,2011-05-29,2011-05-29,1,2
159,star-wars-episodio-i-a-ameaca-fantasma,tt0120915,Star Wars Episódio I A Ameaça Fantasma,2011-05-27,2011-05-27,1,3
158,velozes-e-furiosos-5-operacao-rio,tt1596343,Velozes e Furiosos 5 Operação Rio,2011-05-25,2011-05-25,1,4
157,wall-street-poder-e-cobica,tt0094291,Wall Street Poder e Cobiça,2011-05-23,2011-05-23,1,5
156,garota-infernal,tt1131734,Garota Infernal,2011-05-21,2011-05-21,1,2
155,os-agentes-do-destino,tt1385826,Os Agentes do Destino,2011-05-19,2011-05-19,1,4
154,scott-pilgrim-contra-o-mundo,tt0446029,Scott Pilgrim Contra o Mundo,2011-05-16,2013-12-28,2,5
153,coincidencias-do-amor,tt0889573,Coincidências do Amor,2011-05-16,2011-05-16,1,3
152,os-bebes,tt1020938,Bebês,2011-05-01,2011-05-01,1,4
151,hop-rebeldes-sem-pascoa,tt1411704,Hop Rebeldes sem Páscoa,2011-05-01,2011-05-01,1,3
150,um-conto-chines,tt1705786,Um Conto Chinês,2011-04-27,2011-04-27,1,4
149,turne,tt1451762,Turnê,2011-04-27,2011-04-27,1,4
148,rio,tt1436562,Rio,2011-04-27,2011-04-27,1,3
147,polaroides-urbanas,tt0798732,Polaróides Urbanas,2011-04-27,2011-04-27,1,4
146,o-fantastico-sr-raposo,tt0432283,O Fantástico Sr. Raposo,2011-04-27,2011-04-27,1,4
145,jumper,tt0489099,Jumper,2011-04-27,2011-04-27,1,3
144,invasao-do-mundo-batalha-de-los-angeles,tt1217613,Invasão do Mundo Batalha de Los Angeles,2011-04-27,2011-04-27,1,3
143,instinto-secreto,tt0780571,Instinto Secreto,2011-04-27,2011-04-27,1,5
142,as-maes-de-chico-xavier,tt1882041,As Mães de Chico Xavier,2011-04-27,2011-04-27,1,2
141,amor-e-inocencia,tt0416508,Amor e Inocência,2011-04-27,2011-04-27,1,5
140,a-revolucao-dos-bichos,tt0204824,A Revolução dos Bichos,2011-04-27,2011-04-27,1,5
139,a-minha-versao-do-amor,tt1423894,A Minha Versão do Amor,2011-04-27,2011-04-27,1,5
138,o-senhor-das-armas,tt0399295,O Senhor das Armas,2011-04-07,2011-04-07,1,5
137,o-vencedor,tt0964517,O Vencedor,2011-04-02,2011-04-02,1,4
136,sucker-punch-mundo-surreal,tt0978764,Sucker Punch Mundo Surreal,2011-03-29,2011-03-29,1,3
135,o-julgamento-do-diabo,tt0263265,O Julgamento do Diabo,2011-03-28,2011-03-28,1,3
134,atividade-paranormal-em-toquio,tt1728179,Atividade Paranormal Tóquio,2011-03-28,2011-03-28,1,3
133,arca-russa,tt0318034,Arca Russa,2011-03-28,2011-03-28,1,3
132,loucos-por-nada,tt0494222,Loucos por Nada,2011-03-24,2011-03-24,1,3
131,passe-livre,tt0323593,Passe Livre,2011-03-22,2011-03-22,1,4
130,sexo-sem-compromisso,tt1411238,Sexo Sem Compromisso,2011-03-21,2011-03-21,1,3
129,os-fantasmas-de-scrooge,tt1067106,Os Fantasmas de Scrooge,2011-03-21,2011-03-21,1,4
128,bruna-surfistinha,tt1587828,Bruna Surfistinha,2011-03-15,2011-03-15,1,3
127,o-misterio-da-rua-7,tt1452628,Mistério da Rua 7,2011-03-14,2011-03-14,1,3
126,gnomeu-e-julieta,tt0377981,Gnomeu e Julieta,2011-03-10,2011-03-10,1,3
125,esposa-de-mentirinha,tt1564367,Esposa de Mentirinha,2011-03-09,2011-03-09,1,3
124,cisne-negro,tt0947798,Cisne Negro,2011-02-23,2011-02-23,1,5
123,127-horas,tt1542344,127 Horas,2011-02-23,2011-02-23,1,3
122,simplesmente-feliz,tt1045670,Simplesmente Feliz,2011-02-20,2011-02-20,1,2
121,o-turista,tt1243957,O Turista,2011-02-20,2011-02-20,1,2
120,a-noiva-perfeita,tt0478724,Prête-moi ta main,2011-02-20,2011-02-20,1,3
119,deixe-me-entrar,tt1228987,Deixe-me Entrar,2011-02-17,2011-02-17,1,4
118,um-segredo-entre-nos,tt0961108,Um Segredo entre Nós,2011-02-13,2011-02-13,1,2
117,pagando-bem-que-mal-tem,tt1007028,Pagando Bem Que Mal Tem,2011-02-13,2011-02-13,1,2
116,biutiful,tt1164999,Biutiful,2011-02-13,2011-02-13,1,2
115,o-amor-e-outras-drogas,tt0758752,Amor e Outras Drogas,2011-02-05,2011-02-05,1,3
114,caca-as-bruxas,tt0479997,Caça às Bruxas,2011-02-05,2011-02-05,1,3
113,perfume-a-historia-de-um-assassino,tt0396171,Perfume A História de um Assassino,2011-01-31,2011-01-31,1,5
112,lixo-extraordinario,tt1268204,Lixo Extraordinário,2011-01-30,2011-01-30,1,5
111,inverno-da-alma,tt1399683,Inverno da Alma,2011-01-30,2011-01-30,1,4
110,enrolados,tt0398286,Enrolados,2011-01-30,2014-06-18,1,3
109,garotas-do-calendario,tt0337909,Garotas do Calendário,2011-01-27,2011-01-27,1,2
108,incontrolavel,tt0477080,Incontrolável,2011-01-19,2011-01-19,1,3
107,72-horas,tt1045799,72 horas,2011-01-14,2011-01-14,1,4
106,elsa-e-fred,tt0453047,Elsa e Fred,2010-12-30,2010-12-30,1,4
105,de-pernas-pro-ar,tt1564916,De Pernas pro Ar,2010-12-30,2010-12-30,1,3
104,o-mundo-encantado-de-gigi,tt1039651,O Mundo Encantado de Gigi,2010-12-24,2010-12-24,1,2
103,o-concerto,tt2987582,O concerto,2010-12-24,2010-12-24,1,4
102,meu-malvado-favorito,tt1323594,Meu Malvado Favorito,2010-12-20,2011-11-13,2,3
101,um-dia-muito-especial,tt0076085,Um Dia Muito Especial,2010-12-20,2010-12-20,1,4
100,tres-homens-em-conflito,tt0060196,Três Homens em Conflito,2010-12-20,2010-12-20,1,5
99,sobre-cafe-e-cigarros,tt0379217,Sobre Café e Cigarros,2010-12-20,2010-12-20,1,3
98,sem-medo-as-cancoes-de-luciano-ligabue,tt1694539,Sem Medo As Canções De Luciano Ligabue,2010-12-20,2010-12-20,1,3
97,primavera-verao-outono-inverno-e-primavera,tt0374546,Primavera Verão Outono Inverno e Primavera,2010-12-20,2010-12-20,1,4
96,mic-macs-um-plano-complicado,tt1149361,Micmacs Um Plano Complicado,2010-12-20,2012-06-04,2,4
95,folego,tt0901475,Fôlego,2010-12-20,2010-12-20,1,4
94,donnie-darko,tt0246578,Donnie Darko,2010-12-20,2010-12-20,1,4
93,concorrencia-desleal,tt0254235,Concorrência Desleal,2010-12-20,2010-12-20,1,3
92,a-ilha-dos-mortos,tt1134854,A Ilha dos Mortos,2010-12-20,2010-12-20,1,4
91,aparecida-o-milagre,tt1832288,Aparecida O Milagre,2010-12-19,2010-12-19,1,3
90,tron-o-legado,tt1104001,Tron O Legado,2010-12-17,2010-12-17,1,3
89,a-setima-alma,tt0872230,A Sétima Alma,2010-12-14,2010-12-14,1,3
88,tetro,tt0964185,Tetro,2010-12-10,2010-12-10,1,3
87,enterrado-vivo,tt0274486,Enterrado vivo,2010-12-10,2010-12-10,1,4
86,tron,tt0084827,Tron Uma Odisséia Eletrônica,2010-12-04,2010-12-04,1,3
85,skyline-a-invasao,tt1564585,Skyline A Invasão,2010-12-03,2010-12-03,1,4
84,o-garoto-de-liverpool,tt1266029,O Garoto de Liverpool,2010-12-03,2010-12-03,1,3
83,megamente,tt1001526,Megamente,2010-12-03,2010-12-03,1,3
82,a-rede-social,tt1285016,A Rede Social,2010-12-03,2010-12-03,1,4
81,voce-vai-conhecer-o-homem-dos-seus-sonhos,tt1182350,Você Vai Conhecer o Homem dos Seus Sonhos,2010-11-26,2010-11-26,1,3
80,senna,tt1424432,Senna,2010-11-26,2010-11-26,1,5
79,os-intocaveis,tt0094226,Os Intocáveis,2010-11-20,2010-11-20,1,5
78,o-encouracado-potemkin,tt0015648,O Couraçado Potemkin,2010-11-20,2010-11-20,1,4
77,muita-calma-nessa-hora,tt1781866,Muita Calma Nessa Hora,2010-11-20,2010-11-20,1,4
76,um-homem-misterioso,tt1440728,Um Homem Misterioso,2010-11-19,2010-11-19,1,5
75,harry-potter-e-as-reliquias-da-morte-parte-1,tt0926084,Harry Potter e as Relíquias da Morte Parte 1,2010-11-19,2010-11-19,1,5
74,o-imperio-dos-sentidos,tt0074102,O Império dos Sentidos,2010-11-13,2010-11-13,1,4
73,red-aposentados-e-perigosos,tt1245526,Red Aposentados e Perigosos,2010-11-12,2010-11-12,1,3
72,atividade-paranormal-2,tt1536044,Atividade Paranormal 2,2010-11-07,2010-11-07,1,3
71,pink-floyd-the-wall,tt0084503,Pink Floyd The Wall,2010-11-06,2010-11-06,1,4
70,as-quatro-voltas,tt1646975,As Quatro Voltas,2010-11-06,2010-11-06,1,3
69,jose-e-pilar,tt1789810,José e Pilar,2010-11-05,2010-11-05,1,5
68,o-atleta,tt1130965,O Atleta,2010-11-04,2010-11-04,1,5
67,vc-ta-ai,tt1443518,Vc Tá Aí?,2010-11-01,2010-11-01,1,3
66,vamos-nos-conformar,tt2186866,Vamos nos Conformar,2010-11-01,2010-11-01,1,3
65,cirkus-columbia,tt1417067,Circus Columbia,2010-11-01,2010-11-01,1,5
64,cargo,tt0381940,Cargo,2010-11-01,2010-11-01,1,3
63,a-suprema-felicidade,tt1720038,A Suprema Felicidade,2010-10-29,2010-10-29,1,3
62,o-magico,tt0775489,O Mágico,2010-10-27,2010-10-27,1,3
61,broder,tt1679538,Bróder,2010-10-26,2010-10-26,1,3
60,suecia-hoje,tt1594460,Suécia Hoje,2010-10-23,2010-10-23,1,3
59,as-cronicas-de-narnia-a-viagem-do-peregrino-da-alvorada,tt0980970,As Crônicas de Nárnia A Viagem do Peregrino da Alvorada,2010-10-21,2010-10-21,1,3
58,curva-do-destino,tt0037638,A Curva do Destino,2010-10-13,2010-10-13,1,4
57,machete,tt0985694,Machete,2010-10-10,2010-10-10,1,2
56,tropa-de-elite-2,tt1555149,Tropa de Elite 2 O Inimigo Agora É Outro,2010-10-08,2010-10-08,1,5
55,dois-irmaos,tt1576382,Dois Irmãos,2010-10-08,2010-10-08,1,4
54,uma-carta-para-elia,tt0808245,A Letter to Elia,2010-10-04,2010-10-04,1,3
53,comer-rezar-amar,tt0879870,Comer Rezar Amar,2010-10-01,2010-10-01,1,3
52,tropa-de-elite,tt0861739,Tropa de Elite,2010-09-25,2010-09-25,1,5
51,wall-street-o-dinheiro-nunca-dorme,tt1027718,Wall Street O Dinheiro Nunca Dorme,2010-09-24,2010-09-24,1,4
50,o-ultimo-exorcismo,tt1320244,O Último Exorcismo,2010-09-24,2010-09-24,1,4
49,moscou-belgica,tt0948530,Moscow Belgium,2010-09-24,2010-09-24,1,5
48,gente-grande,tt1375670,Gente Grande,2010-09-24,2010-09-24,1,3
47,baaria-a-porta-do-vento,tt1081935,Baarìa A Porta do Vento,2010-09-17,2010-09-17,1,3
46,amor-a-distancia,tt1322312,Amor à Distância,2010-09-10,2010-09-10,1,3
45,a-ressaca,tt1231587,A Ressaca,2010-09-10,2010-09-10,1,3
44,kill-bill-volume-2,tt0378194,Kill Bill Volume 2,2010-09-09,2010-09-09,1,5
43,kill-bill-volume-1,tt0266697,Kill Bill Volume 1,2010-09-09,2010-09-09,1,5
42,nosso-lar,tt1467388,Nosso Lar,2010-09-03,2010-09-03,1,3
41,envim-viuva,tt1024899,Enfim Viúva,2010-09-03,2010-09-03,1,4
40,um-lugar-chamado-notting-hill,tt0125439,Um Lugar Chamado Notting Hill,2010-08-27,2010-08-27,1,4
39,par-perfeito,tt1103153,Par Perfeito,2010-08-27,2010-08-27,1,3
38,karate-kid-2010,tt1155076,Karate Kid,2010-08-27,2010-08-27,1,3
37,o-ultimo-mestre-do-ar,tt0938283,O Último Mestre do Ar,2010-08-20,2010-08-20,1,1
36,domicilio-conjugal,tt0065651,Domicilio Conjugal,2010-08-17,2010-08-17,1,4
35,os-mercenarios,tt1320253,Os Mercenários,2010-08-13,2010-08-13,1,2
34,o-aprendiz-de-feiticeiro,tt0963966,O Aprendiz de Feiticeiro,2010-08-13,2010-08-13,1,3
33,superman-o-filme,tt0078346,Superman O Filme,2010-08-12,2013-11-20,2,5
32,marcas-do-passado,tt0432289,Marcas do Passado,2010-08-10,2010-08-10,1,2
31,a-lenda-dos-guardioes,tt1219342,A Lenda dos Guardiões,2010-08-08,2010-08-08,1,2
30,a-origem,tt1375666,A Origem,2010-08-06,2010-08-06,1,5
29,400-contra-1-a-historia-do-comando-vermelho,tt1781755,400 contra 1 A História do Comando Vermelho,2010-08-06,2010-08-06,1,1
28,salt,tt0944835,Salt,2010-07-30,2010-07-30,1,3
27,o-bem-amado,tt1410297,O Bem Amado,2010-07-24,2010-07-24,1,4
26,spartacus,tt0054331,Spartacus,2010-07-20,2010-07-20,1,5
25,a-prova-de-morte,tt1028528,À Prova de Morte,2010-07-16,2010-07-16,1,4
24,primer,tt0390384,Primer,2010-07-09,2010-07-09,1,4
23,o-ultimo-dragao,tt0089461,O Último Dragão,2010-07-07,2010-07-07,1,2
22,15-anos-e-meio,tt1075111,15 Anos e Meio,2010-07-07,2010-07-07,1,3
21,ponyo-uma-amizade-que-veio-do-mar,tt0876563,Ponyo Uma Amizade que Veio do Mar,2010-06-30,2013-09-02,2,4
20,toy-story-2,tt0120363,Toy Story 2,2010-06-25,2010-06-25,1,4
19,flor-do-deserto,tt1054580,Flor do Deserto,2010-06-25,2010-06-25,1,4
18,predadores,tt1424381,Predadores,2010-06-23,2010-06-23,1,3
17,toy-story-3,tt0435761,Toy Story 3,2010-06-18,2010-06-18,1,5
16,kick-ass,tt1250777,Kick-Ass Quebrando Tudo,2010-06-18,2010-06-18,1,4
15,principe-da-persia-areias-do-tempo,tt0473075,Príncipe da Pérsia As Areias do Tempo,2010-06-14,2010-06-14,1,3
14,plano-b,tt1212436,Plano B,2010-06-11,2010-06-11,1,2
13,almas-a-venda,tt1127877,Almas à venda,2010-06-09,2010-06-09,1,2
12,o-golpista-do-ano,tt1045772,O Golpista do Ano,2010-06-04,2010-06-04,1,4
11,o-pequeno-nicolau,tt1264904,O Pequeno Nicolau,2010-06-02,2013-12-29,2,3
10,o-escritor-fantasma,tt1139328,O Escritor Fantasma,2010-05-28,2010-05-28,1,5
9,quincas-berro-dagua,tt1068962,Quincas Berro d'Água,2010-05-21,2010-05-21,1,3
8,furia-de-titas,tt0800320,Fúria de Titãs,2010-05-21,2010-05-21,1,3
7,2-dias-em-paris,tt0841044,2 Dias em Paris,2010-05-16,2010-05-16,1,2
6,mademoiselle-chambom,tt1285246,Mademoiselle Chambon,2010-05-14,2010-05-14,1,4
5,tudo-pode-dar-certo,tt1178663,Tudo Pode Dar Certo,2010-04-30,2010-04-30,1,4
4,alice-no-pais-das-maravilhas-2010,tt1014759,Alice no País das Maravilhas,2010-04-23,2010-04-23,1,3
3,mary-e-max,tt0978762,Mary e Max uma Amizade Diferente,2010-04-16,2010-04-16,2,5
2,big-stan-arrebentando-na-prisao,tt0490086,Big Stan Arrebentando na Prisão,2010-04-04,2010-04-04,1,3
1,homem-de-ferro-2,tt1228705,Homem de Ferro 2,2010-04-03,2010-04-03,1,3
